age,workclass,education,education-num,marital-status,occupation,relationship,race,sex,capital-gain,capital-loss,hours-per-week,native-country
0.17186384100329305,0.17038208825984005,0.2403131420236226,0.15407518323801836,0.2529505052478081,0.310617735606902,0.2982453653374518,0.270221219607268,nan,0.07727632906698585,0.09135421220093339,0.11729794840603232,0.1494538996604758
0.1702992388882769,0.16502250483371975,0.2390567179545305,0.15387687427644303,0.2581342374897186,0.3148749841335288,0.2993051841941292,0.27055258256015835,0.8014804912327457,0.07018944211411435,0.09273875996399183,0.11426593145853757,0.15447161226382694
0.1686721901792419,0.15585126678569092,0.23529555658112383,0.1573844406053133,0.23925391255806652,0.30744104973690833,0.24832104873017452,0.1960183542222311,0.3865218009539499,0.0727195748591375,0.09464730627828122,0.11417747798677584,0.16102919732238008
0.17047278914170894,0.16712966845186225,0.2428753437789617,0.154528627492771,0.2570840785251273,0.3115834105971131,0.3030593228407283,0.2688444142568612,0.798964751415267,0.06914836791483238,0.0942222504655316,0.11803506522559255,0.15737312689695418
